server,N,syscall,calls,seconds_total,seconds_per_call,errors
server_select,10,sendto,10000,0.308376,0.000030838,0
server_select,10,recvfrom,10011,0.199762,0.000019954,0
server_select,10,pselect6,2112,0.064158,0.000030378,1
server_select,10,bind,1,0.002095,0.002095000,0
server_select,10,listen,1,0.000528,0.000528000,0
server_select,10,close,13,0.000235,0.000018077,0
server_select,10,accept,13,0.000221,0.000017000,2
server_select,10,fcntl,24,0.000199,0.000008292,0
server_select,10,setsockopt,12,0.000148,0.000012333,0
server_select,10,brk,3,0.000023,0.000007667,0
server_select,10,fstat,3,0.000013,0.000004333,0
server_select,10,faccessat,1,0.000000,0.000000000,1
server_select,10,openat,2,0.000000,0.000000000,0
server_select,10,read,1,0.000000,0.000000000,0
server_select,10,set_tid_address,1,0.000000,0.000000000,0
server_select,10,set_robust_list,1,0.000000,0.000000000,0
server_select,10,rt_sigaction,1,0.000000,0.000000000,0
server_select,10,socket,1,0.000000,0.000000000,0
server_select,10,munmap,2,0.000000,0.000000000,0
server_select,10,execve,1,0.000000,0.000000000,0
server_select,10,mmap,8,0.000000,0.000000000,0
server_select,10,mprotect,4,0.000000,0.000000000,0
server_select,10,prlimit64,1,0.000000,0.000000000,0
server_select,10,getrandom,1,0.000000,0.000000000,0
server_select,10,rseq,1,0.000000,0.000000000,0
server_select,100,sendto,26725,0.934902,0.000034982,0
server_select,100,recvfrom,26727,0.573231,0.000021448,0
server_select,100,pselect6,274,0.011211,0.000040916,0
server_select,100,bind,1,0.003327,0.003327000,0
server_select,100,listen,1,0.000959,0.000959000,0
server_select,100,accept,105,0.000858,0.000008171,4
server_select,100,fcntl,204,0.000849,0.000004162,0
server_select,100,execve,1,0.000524,0.000524000,0
server_select,100,setsockopt,102,0.000416,0.000004078,0
server_select,100,mmap,8,0.000348,0.000043500,0
server_select,100,mprotect,4,0.000330,0.000082500,0
server_select,100,openat,2,0.000149,0.000074500,0
server_select,100,brk,6,0.000136,0.000022667,0
server_select,100,close,3,0.000106,0.000035333,0
server_select,100,fstat,3,0.000102,0.000034000,0
server_select,100,munmap,3,0.000091,0.000030333,0
server_select,100,faccessat,1,0.000043,0.000043000,1
server_select,100,socket,1,0.000041,0.000041000,0
server_select,100,read,1,0.000030,0.000030000,0
server_select,100,set_robust_list,1,0.000029,0.000029000,0
server_select,100,madvise,3,0.000027,0.000009000,0
server_select,100,rseq,1,0.000027,0.000027000,0
server_select,100,set_tid_address,1,0.000026,0.000026000,0
server_select,100,prlimit64,1,0.000023,0.000023000,0
server_select,100,rt_sigaction,1,0.000021,0.000021000,0
server_select,100,getrandom,1,0.000020,0.000020000,0
server_select,1000,sendto,26129,0.891943,0.000034136,0
server_select,1000,recvfrom,26130,0.668217,0.000025573,0
server_select,1000,fcntl,2006,0.026121,0.000013021,0
server_select,1000,accept,1008,0.016741,0.000016608,6
server_select,1000,setsockopt,1003,0.014139,0.000014097,0
server_select,1000,pselect6,34,0.011690,0.000343824,0
server_select,1000,bind,1,0.002374,0.002374000,0
server_select,1000,brk,34,0.000741,0.000021794,0
server_select,1000,execve,1,0.000732,0.000732000,0
server_select,1000,madvise,31,0.000671,0.000021645,0
server_select,1000,write,9,0.000625,0.000069444,0
server_select,1000,listen,1,0.000412,0.000412000,0
server_select,1000,mmap,8,0.000246,0.000030750,0
server_select,1000,munmap,3,0.000198,0.000066000,0
server_select,1000,mprotect,4,0.000187,0.000046750,0
server_select,1000,openat,2,0.000126,0.000063000,0
server_select,1000,close,3,0.000068,0.000022667,0
server_select,1000,getrandom,1,0.000049,0.000049000,0
server_select,1000,fstat,3,0.000046,0.000015333,0
server_select,1000,socket,1,0.000046,0.000046000,0
server_select,1000,read,1,0.000036,0.000036000,0
server_select,1000,set_tid_address,1,0.000034,0.000034000,0
server_select,1000,faccessat,1,0.000032,0.000032000,1
server_select,1000,set_robust_list,1,0.000031,0.000031000,0
server_select,1000,prlimit64,1,0.000027,0.000027000,0
server_select,1000,rseq,1,0.000027,0.000027000,0
server_select,1000,rt_sigaction,1,0.000021,0.000021000,0
server_select,1500,close,25719,0.855525,0.000033264,0
server_select,1500,accept,26738,0.577236,0.000021589,2
server_select,1500,fcntl,2042,0.019818,0.000009705,0
server_select,1500,write,267,0.017477,0.000065457,0
server_select,1500,setsockopt,1021,0.009573,0.000009376,0
server_select,1500,madvise,32,0.000407,0.000012719,0
server_select,1500,brk,35,0.000403,0.000011514,0
server_select,1500,mmap,8,0.000108,0.000013500,0
server_select,1500,pselect6,4,0.000098,0.000024500,0
server_select,1500,mprotect,4,0.000073,0.000018250,0
server_select,1500,socket,1,0.000039,0.000039000,0
server_select,1500,bind,1,0.000030,0.000030000,0
server_select,1500,munmap,3,0.000029,0.000009667,0
server_select,1500,rt_sigaction,1,0.000021,0.000021000,0
server_select,1500,listen,1,0.000021,0.000021000,0
server_select,1500,recvfrom,1,0.000020,0.000020000,0
server_select,1500,fstat,3,0.000019,0.000006333,0
server_select,1500,getrandom,1,0.000019,0.000019000,0
server_select,1500,rseq,1,0.000019,0.000019000,0
server_select,1500,set_tid_address,1,0.000018,0.000018000,0
server_select,1500,prlimit64,1,0.000017,0.000017000,0
server_select,1500,set_robust_list,1,0.000016,0.000016000,0
server_select,1500,faccessat,1,0.000000,0.000000000,1
server_select,1500,openat,2,0.000000,0.000000000,0
server_select,1500,read,1,0.000000,0.000000000,0
server_select,1500,execve,1,0.000000,0.000000000,0
server_select,2000,close,25734,0.846695,0.000032902,0
server_select,2000,accept,26752,0.549691,0.000020548,1
server_select,2000,write,267,0.017393,0.000065142,0
server_select,2000,fcntl,2042,0.011534,0.000005648,0
server_select,2000,setsockopt,1021,0.006000,0.000005877,0
server_select,2000,execve,1,0.000360,0.000360000,0
server_select,2000,brk,35,0.000306,0.000008743,0
server_select,2000,madvise,32,0.000257,0.000008031,0
server_select,2000,mprotect,4,0.000120,0.000030000,0
server_select,2000,mmap,8,0.000113,0.000014125,0
server_select,2000,fstat,3,0.000061,0.000020333,0
server_select,2000,openat,2,0.000045,0.000022500,0
server_select,2000,pselect6,3,0.000040,0.000013333,0
server_select,2000,munmap,3,0.000035,0.000011667,0
server_select,2000,faccessat,1,0.000033,0.000033000,1
server_select,2000,socket,1,0.000032,0.000032000,0
server_select,2000,bind,1,0.000028,0.000028000,0
server_select,2000,getrandom,1,0.000023,0.000023000,0
server_select,2000,rt_sigaction,1,0.000020,0.000020000,0
server_select,2000,listen,1,0.000020,0.000020000,0
server_select,2000,prlimit64,1,0.000017,0.000017000,0
server_select,2000,read,1,0.000016,0.000016000,0
server_select,2000,recvfrom,1,0.000004,0.000004000,0
server_select,2000,set_tid_address,1,0.000002,0.000002000,0
server_select,2000,set_robust_list,1,0.000002,0.000002000,0
server_select,2000,rseq,1,0.000002,0.000002000,0
server_select,2500,close,25303,0.828727,0.000032752,0
server_select,2500,accept,26322,0.527654,0.000020046,1
server_select,2500,write,263,0.017290,0.000065741,0
server_select,2500,fcntl,2042,0.010403,0.000005095,0
server_select,2500,setsockopt,1021,0.005756,0.000005638,0
server_select,2500,execve,1,0.000581,0.000581000,0
server_select,2500,mmap,8,0.000388,0.000048500,0
server_select,2500,brk,35,0.000324,0.000009257,0
server_select,2500,mprotect,4,0.000315,0.000078750,0
server_select,2500,madvise,32,0.000231,0.000007219,0
server_select,2500,munmap,3,0.000102,0.000034000,0
server_select,2500,openat,2,0.000082,0.000041000,0
server_select,2500,fstat,3,0.000070,0.000023333,0
server_select,2500,read,1,0.000039,0.000039000,0
server_select,2500,faccessat,1,0.000038,0.000038000,1
server_select,2500,pselect6,3,0.000038,0.000012667,0
server_select,2500,prlimit64,1,0.000031,0.000031000,0
server_select,2500,getrandom,1,0.000028,0.000028000,0
server_select,2500,socket,1,0.000026,0.000026000,0
server_select,2500,set_robust_list,1,0.000023,0.000023000,0
server_select,2500,set_tid_address,1,0.000022,0.000022000,0
server_select,2500,rseq,1,0.000021,0.000021000,0
server_select,2500,rt_sigaction,1,0.000014,0.000014000,0
server_select,2500,bind,1,0.000014,0.000014000,0
server_select,2500,listen,1,0.000008,0.000008000,0
server_select,2500,recvfrom,1,0.000004,0.000004000,0
server_select,3500,close,22546,0.732357,0.000032483,0
server_select,3500,accept,23569,0.464765,0.000019719,5
server_select,3500,write,235,0.015893,0.000067630,0
server_select,3500,fcntl,2042,0.009847,0.000004822,0
server_select,3500,setsockopt,1021,0.005620,0.000005504,0
server_select,3500,execve,1,0.000659,0.000659000,0
server_select,3500,mmap,8,0.000316,0.000039500,0
server_select,3500,brk,35,0.000242,0.000006914,0
server_select,3500,madvise,32,0.000191,0.000005969,0
server_select,3500,mprotect,4,0.000133,0.000033250,0
server_select,3500,pselect6,7,0.000103,0.000014714,0
server_select,3500,munmap,3,0.000091,0.000030333,0
server_select,3500,fstat,3,0.000072,0.000024000,0
server_select,3500,openat,2,0.000066,0.000033000,0
server_select,3500,socket,1,0.000052,0.000052000,0
server_select,3500,getrandom,1,0.000035,0.000035000,0
server_select,3500,rseq,1,0.000034,0.000034000,0
server_select,3500,bind,1,0.000033,0.000033000,0
server_select,3500,faccessat,1,0.000026,0.000026000,1
server_select,3500,read,1,0.000026,0.000026000,0
server_select,3500,rt_sigaction,1,0.000025,0.000025000,0
server_select,3500,set_robust_list,1,0.000022,0.000022000,0
server_select,3500,listen,1,0.000021,0.000021000,0
server_select,3500,set_tid_address,1,0.000018,0.000018000,0
server_select,3500,prlimit64,1,0.000015,0.000015000,0
server_select,3500,recvfrom,1,0.000004,0.000004000,0
server_select,4000,close,21152,0.668757,0.000031617,0
server_select,4000,accept,22173,0.420501,0.000018965,3
server_select,4000,write,221,0.014775,0.000066855,0
server_select,4000,fcntl,2042,0.010372,0.000005079,0
server_select,4000,setsockopt,1021,0.005096,0.000004991,0
server_select,4000,brk,35,0.001563,0.000044657,0
server_select,4000,execve,1,0.000553,0.000553000,0
server_select,4000,mmap,8,0.000524,0.000065500,0
server_select,4000,openat,2,0.000236,0.000118000,0
server_select,4000,madvise,32,0.000222,0.000006938,0
server_select,4000,mprotect,4,0.000163,0.000040750,0
server_select,4000,munmap,3,0.000135,0.000045000,0
server_select,4000,socket,1,0.000081,0.000081000,0
server_select,4000,fstat,3,0.000054,0.000018000,0
server_select,4000,bind,1,0.000040,0.000040000,0
server_select,4000,listen,1,0.000037,0.000037000,0
server_select,4000,read,1,0.000030,0.000030000,0
server_select,4000,faccessat,1,0.000029,0.000029000,1
server_select,4000,rseq,1,0.000027,0.000027000,0
server_select,4000,set_tid_address,1,0.000022,0.000022000,0
server_select,4000,set_robust_list,1,0.000022,0.000022000,0
server_select,4000,rt_sigaction,1,0.000022,0.000022000,0
server_select,4000,prlimit64,1,0.000022,0.000022000,0
server_select,4000,getrandom,1,0.000021,0.000021000,0
server_select,4000,pselect6,5,0.000010,0.000002000,0
server_select,4000,recvfrom,1,0.000000,0.000000000,0
server_select,4500,close,29865,0.651719,0.000021822,0
server_select,4500,accept,30883,0.382876,0.000012398,1
server_select,4500,write,308,0.015988,0.000051909,0
server_select,4500,fcntl,2042,0.011305,0.000005536,0
server_select,4500,setsockopt,1021,0.007281,0.000007131,0
server_select,4500,brk,35,0.000323,0.000009229,0
server_select,4500,madvise,32,0.000317,0.000009906,0
server_select,4500,mmap,8,0.000179,0.000022375,0
server_select,4500,mprotect,4,0.000120,0.000030000,0
server_select,4500,munmap,3,0.000094,0.000031333,0
server_select,4500,pselect6,3,0.000092,0.000030667,0
server_select,4500,socket,1,0.000035,0.000035000,0
server_select,4500,fstat,3,0.000032,0.000010667,0
server_select,4500,set_robust_list,1,0.000027,0.000027000,0
server_select,4500,bind,1,0.000025,0.000025000,0
server_select,4500,getrandom,1,0.000025,0.000025000,0
server_select,4500,listen,1,0.000021,0.000021000,0
server_select,4500,recvfrom,1,0.000021,0.000021000,0
server_select,4500,prlimit64,1,0.000018,0.000018000,0
server_select,4500,rt_sigaction,1,0.000017,0.000017000,0
server_select,4500,set_tid_address,1,0.000015,0.000015000,0
server_select,4500,rseq,1,0.000014,0.000014000,0
server_select,4500,faccessat,1,0.000000,0.000000000,1
server_select,4500,openat,2,0.000000,0.000000000,0
server_select,4500,read,1,0.000000,0.000000000,0
server_select,4500,execve,1,0.000000,0.000000000,0
server_select,5000,close,68582,0.966319,0.000014090,0
server_select,5000,accept,69605,0.513037,0.000007371,5
server_select,5000,write,696,0.023587,0.000033889,0
server_select,5000,fcntl,2042,0.009765,0.000004782,0
server_select,5000,setsockopt,1021,0.004524,0.000004431,0
server_select,5000,brk,35,0.000251,0.000007171,0
server_select,5000,madvise,32,0.000214,0.000006687,0
server_select,5000,mmap,8,0.000207,0.000025875,0
server_select,5000,pselect6,7,0.000133,0.000019000,0
server_select,5000,mprotect,4,0.000106,0.000026500,0
server_select,5000,munmap,3,0.000058,0.000019333,0
server_select,5000,socket,1,0.000035,0.000035000,0
server_select,5000,bind,1,0.000024,0.000024000,0
server_select,5000,listen,1,0.000023,0.000023000,0
server_select,5000,prlimit64,1,0.000023,0.000023000,0
server_select,5000,getrandom,1,0.000019,0.000019000,0
server_select,5000,set_robust_list,1,0.000018,0.000018000,0
server_select,5000,rseq,1,0.000018,0.000018000,0
server_select,5000,fstat,3,0.000017,0.000005667,0
server_select,5000,rt_sigaction,1,0.000017,0.000017000,0
server_select,5000,set_tid_address,1,0.000016,0.000016000,0
server_select,5000,recvfrom,1,0.000005,0.000005000,0
server_select,5000,faccessat,1,0.000000,0.000000000,1
server_select,5000,openat,2,0.000000,0.000000000,0
server_select,5000,read,1,0.000000,0.000000000,0
server_select,5000,execve,1,0.000000,0.000000000,0
server_select,6000,close,94629,1.049066,0.000011086,0
server_select,6000,accept,95648,0.529908,0.000005540,1
server_select,6000,write,957,0.027857,0.000029109,0
server_select,6000,fcntl,2042,0.012349,0.000006048,0
server_select,6000,setsockopt,1021,0.005028,0.000004925,0
server_select,6000,execve,1,0.000680,0.000680000,0
server_select,6000,mmap,8,0.000374,0.000046750,0
server_select,6000,madvise,32,0.000232,0.000007250,0
server_select,6000,brk,35,0.000219,0.000006257,0
server_select,6000,munmap,3,0.000205,0.000068333,0
server_select,6000,rseq,1,0.000108,0.000108000,0
server_select,6000,fstat,3,0.000093,0.000031000,0
server_select,6000,mprotect,4,0.000090,0.000022500,0
server_select,6000,pselect6,3,0.000057,0.000019000,0
server_select,6000,openat,2,0.000050,0.000025000,0
server_select,6000,read,1,0.000039,0.000039000,0
server_select,6000,set_robust_list,1,0.000034,0.000034000,0
server_select,6000,faccessat,1,0.000033,0.000033000,1
server_select,6000,set_tid_address,1,0.000033,0.000033000,0
server_select,6000,bind,1,0.000026,0.000026000,0
server_select,6000,socket,1,0.000021,0.000021000,0
server_select,6000,prlimit64,1,0.000020,0.000020000,0
server_select,6000,listen,1,0.000009,0.000009000,0
server_select,6000,recvfrom,1,0.000005,0.000005000,0
server_select,6000,rt_sigaction,1,0.000004,0.000004000,0
server_select,6000,getrandom,1,0.000004,0.000004000,0
server_select,7500,close,97128,1.063947,0.000010954,0
server_select,7500,accept,98146,0.533476,0.000005436,1
server_select,7500,write,982,0.027248,0.000027747,0
server_select,7500,fcntl,2042,0.010402,0.000005094,0
server_select,7500,setsockopt,1021,0.007055,0.000006910,0
server_select,7500,execve,1,0.000651,0.000651000,0
server_select,7500,brk,35,0.000486,0.000013886,0
server_select,7500,mmap,8,0.000360,0.000045000,0
server_select,7500,madvise,32,0.000209,0.000006531,0
server_select,7500,mprotect,4,0.000156,0.000039000,0
server_select,7500,munmap,3,0.000088,0.000029333,0
server_select,7500,openat,2,0.000073,0.000036500,0
server_select,7500,fstat,3,0.000059,0.000019667,0
server_select,7500,bind,1,0.000057,0.000057000,0
server_select,7500,faccessat,1,0.000047,0.000047000,1
server_select,7500,pselect6,3,0.000036,0.000012000,0
server_select,7500,prlimit64,1,0.000034,0.000034000,0
server_select,7500,read,1,0.000033,0.000033000,0
server_select,7500,set_robust_list,1,0.000032,0.000032000,0
server_select,7500,set_tid_address,1,0.000028,0.000028000,0
server_select,7500,socket,1,0.000026,0.000026000,0
server_select,7500,rt_sigaction,1,0.000024,0.000024000,0
server_select,7500,listen,1,0.000022,0.000022000,0
server_select,7500,getrandom,1,0.000022,0.000022000,0
server_select,7500,rseq,1,0.000020,0.000020000,0
server_select,7500,recvfrom,1,0.000004,0.000004000,0
server_select,9000,close,96561,1.077873,0.000011163,0
server_select,9000,accept,97580,0.546708,0.000005603,1
server_select,9000,write,976,0.028111,0.000028802,0
server_select,9000,fcntl,2042,0.011102,0.000005437,0
server_select,9000,setsockopt,1021,0.007284,0.000007134,0
server_select,9000,madvise,31,0.000357,0.000011516,0
server_select,9000,brk,34,0.000349,0.000010265,0
server_select,9000,mprotect,4,0.000268,0.000067000,0
server_select,9000,pselect6,3,0.000061,0.000020333,0
server_select,9000,socket,1,0.000056,0.000056000,0
server_select,9000,munmap,3,0.000051,0.000017000,0
server_select,9000,prlimit64,1,0.000036,0.000036000,0
server_select,9000,getrandom,1,0.000035,0.000035000,0
server_select,9000,bind,1,0.000033,0.000033000,0
server_select,9000,fstat,3,0.000031,0.000010333,0
server_select,9000,rt_sigaction,1,0.000031,0.000031000,0
server_select,9000,listen,1,0.000030,0.000030000,0
server_select,9000,mmap,8,0.000029,0.000003625,0
server_select,9000,recvfrom,1,0.000012,0.000012000,0
server_select,9000,faccessat,1,0.000000,0.000000000,1
server_select,9000,openat,2,0.000000,0.000000000,0
server_select,9000,read,1,0.000000,0.000000000,0
server_select,9000,set_tid_address,1,0.000000,0.000000000,0
server_select,9000,set_robust_list,1,0.000000,0.000000000,0
server_select,9000,execve,1,0.000000,0.000000000,0
server_select,9000,rseq,1,0.000000,0.000000000,0
server_select,10000,close,94807,1.065546,0.000011239,0
server_select,10000,accept,95825,0.535017,0.000005583,1
server_select,10000,write,958,0.026775,0.000027949,0
server_select,10000,fcntl,2042,0.011861,0.000005809,0
server_select,10000,setsockopt,1021,0.005453,0.000005341,0
server_select,10000,brk,35,0.000264,0.000007543,0
server_select,10000,mprotect,4,0.000251,0.000062750,0
server_select,10000,madvise,32,0.000175,0.000005469,0
server_select,10000,prlimit64,1,0.000082,0.000082000,0
server_select,10000,pselect6,3,0.000046,0.000015333,0
server_select,10000,fstat,3,0.000039,0.000013000,0
server_select,10000,munmap,3,0.000038,0.000012667,0
server_select,10000,socket,1,0.000035,0.000035000,0
server_select,10000,bind,1,0.000034,0.000034000,0
server_select,10000,mmap,8,0.000028,0.000003500,0
server_select,10000,getrandom,1,0.000028,0.000028000,0
server_select,10000,listen,1,0.000024,0.000024000,0
server_select,10000,rt_sigaction,1,0.000023,0.000023000,0
server_select,10000,recvfrom,1,0.000011,0.000011000,0
server_select,10000,faccessat,1,0.000000,0.000000000,1
server_select,10000,openat,2,0.000000,0.000000000,0
server_select,10000,read,1,0.000000,0.000000000,0
server_select,10000,set_tid_address,1,0.000000,0.000000000,0
server_select,10000,set_robust_list,1,0.000000,0.000000000,0
server_select,10000,execve,1,0.000000,0.000000000,0
server_select,10000,rseq,1,0.000000,0.000000000,0
server_poll,10,sendto,10000,0.313067,0.000031307,0
server_poll,10,recvfrom,10006,0.200589,0.000020047,0
server_poll,10,ppoll,2520,0.076659,0.000030420,1
server_poll,10,mmap,8,0.000331,0.000041375,0
server_poll,10,close,13,0.000281,0.000021615,0
server_poll,10,socket,1,0.000183,0.000183000,0
server_poll,10,mprotect,4,0.000175,0.000043750,0
server_poll,10,fcntl,24,0.000123,0.000005125,0
server_poll,10,accept,14,0.000102,0.000007286,3
server_poll,10,setsockopt,12,0.000066,0.000005500,0
server_poll,10,munmap,3,0.000066,0.000022000,0
server_poll,10,bind,1,0.000038,0.000038000,0
server_poll,10,rseq,1,0.000035,0.000035000,0
server_poll,10,prlimit64,1,0.000034,0.000034000,0
server_poll,10,listen,1,0.000032,0.000032000,0
server_poll,10,getrandom,1,0.000030,0.000030000,0
server_poll,10,set_tid_address,1,0.000029,0.000029000,0
server_poll,10,set_robust_list,1,0.000029,0.000029000,0
server_poll,10,rt_sigaction,1,0.000028,0.000028000,0
server_poll,10,brk,3,0.000011,0.000003667,0
server_poll,10,fstat,3,0.000004,0.000001333,0
server_poll,10,faccessat,1,0.000000,0.000000000,1
server_poll,10,openat,2,0.000000,0.000000000,0
server_poll,10,read,1,0.000000,0.000000000,0
server_poll,10,execve,1,0.000000,0.000000000,0
server_poll,100,sendto,26823,0.925429,0.000034501,0
server_poll,100,recvfrom,26825,0.575491,0.000021454,0
server_poll,100,ppoll,273,0.011863,0.000043454,0
server_poll,100,fcntl,204,0.000950,0.000004657,0
server_poll,100,accept,104,0.000661,0.000006356,3
server_poll,100,setsockopt,102,0.000474,0.000004647,0
server_poll,100,write,1,0.000040,0.000040000,0
server_poll,100,madvise,3,0.000023,0.000007667,0
server_poll,100,brk,6,0.000004,0.000000667,0
server_poll,100,faccessat,1,0.000000,0.000000000,1
server_poll,100,openat,2,0.000000,0.000000000,0
server_poll,100,close,3,0.000000,0.000000000,0
server_poll,100,read,1,0.000000,0.000000000,0
server_poll,100,fstat,3,0.000000,0.000000000,0
server_poll,100,set_tid_address,1,0.000000,0.000000000,0
server_poll,100,set_robust_list,1,0.000000,0.000000000,0
server_poll,100,rt_sigaction,1,0.000000,0.000000000,0
server_poll,100,socket,1,0.000000,0.000000000,0
server_poll,100,bind,1,0.000000,0.000000000,0
server_poll,100,listen,1,0.000000,0.000000000,0
server_poll,100,munmap,3,0.000000,0.000000000,0
server_poll,100,execve,1,0.000000,0.000000000,0
server_poll,100,mmap,8,0.000000,0.000000000,0
server_poll,100,mprotect,4,0.000000,0.000000000,0
server_poll,100,prlimit64,1,0.000000,0.000000000,0
server_poll,100,getrandom,1,0.000000,0.000000000,0
server_poll,100,rseq,1,0.000000,0.000000000,0
server_poll,1000,sendto,26223,0.914706,0.000034882,0
server_poll,1000,recvfrom,26225,0.678175,0.000025860,0
server_poll,1000,fcntl,2004,0.019656,0.000009808,0
server_poll,1000,accept,1003,0.013586,0.000013545,2
server_poll,1000,ppoll,30,0.012217,0.000407233,0
server_poll,1000,setsockopt,1002,0.010033,0.000010013,0
server_poll,1000,write,13,0.000665,0.000051154,0
server_poll,1000,brk,34,0.000621,0.000018265,0
server_poll,1000,madvise,31,0.000380,0.000012258,0
server_poll,1000,mprotect,4,0.000212,0.000053000,0
server_poll,1000,mmap,8,0.000110,0.000013750,0
server_poll,1000,munmap,3,0.000076,0.000025333,0
server_poll,1000,fstat,3,0.000056,0.000018667,0
server_poll,1000,close,3,0.000053,0.000017667,0
server_poll,1000,socket,1,0.000052,0.000052000,0
server_poll,1000,set_tid_address,1,0.000047,0.000047000,0
server_poll,1000,listen,1,0.000033,0.000033000,0
server_poll,1000,bind,1,0.000031,0.000031000,0
server_poll,1000,rt_sigaction,1,0.000024,0.000024000,0
server_poll,1000,prlimit64,1,0.000022,0.000022000,0
server_poll,1000,openat,2,0.000012,0.000006000,0
server_poll,1000,faccessat,1,0.000005,0.000005000,1
server_poll,1000,getrandom,1,0.000004,0.000004000,0
server_poll,1000,read,1,0.000003,0.000003000,0
server_poll,1000,set_robust_list,1,0.000003,0.000003000,0
server_poll,1000,rseq,1,0.000003,0.000003000,0
server_poll,1000,execve,1,0.000000,0.000000000,0
server_poll,1500,sendto,26199,0.899907,0.000034349,0
server_poll,1500,recvfrom,26200,0.675485,0.000025782,0
server_poll,1500,fcntl,3004,0.028623,0.000009528,0
server_poll,1500,accept,1503,0.020630,0.000013726,2
server_poll,1500,setsockopt,1502,0.015332,0.000010208,0
server_poll,1500,ppoll,21,0.013929,0.000663286,0
server_poll,1500,write,20,0.001322,0.000066100,0
server_poll,1500,brk,50,0.000808,0.000016160,0
server_poll,1500,madvise,47,0.000695,0.000014787,0
server_poll,1500,mmap,8,0.000304,0.000038000,0
server_poll,1500,close,3,0.000270,0.000090000,0
server_poll,1500,set_tid_address,1,0.000242,0.000242000,0
server_poll,1500,faccessat,1,0.000170,0.000170000,1
server_poll,1500,mprotect,4,0.000157,0.000039250,0
server_poll,1500,munmap,3,0.000116,0.000038667,0
server_poll,1500,fstat,3,0.000089,0.000029667,0
server_poll,1500,openat,2,0.000086,0.000043000,0
server_poll,1500,read,1,0.000044,0.000044000,0
server_poll,1500,getrandom,1,0.000037,0.000037000,0
server_poll,1500,socket,1,0.000034,0.000034000,0
server_poll,1500,rseq,1,0.000028,0.000028000,0
server_poll,1500,prlimit64,1,0.000023,0.000023000,0
server_poll,1500,rt_sigaction,1,0.000021,0.000021000,0
server_poll,1500,set_robust_list,1,0.000020,0.000020000,0
server_poll,1500,bind,1,0.000013,0.000013000,0
server_poll,1500,listen,1,0.000006,0.000006000,0
server_poll,1500,execve,1,0.000000,0.000000000,0
server_poll,2000,sendto,26477,0.891865,0.000033685,0
server_poll,2000,recvfrom,26478,0.679075,0.000025647,0
server_poll,2000,fcntl,4004,0.036797,0.000009190,0
server_poll,2000,accept,2010,0.026324,0.000013097,9
server_poll,2000,setsockopt,2002,0.018223,0.000009102,0
server_poll,2000,ppoll,24,0.014442,0.000601750,0
server_poll,2000,write,27,0.001529,0.000056630,0
server_poll,2000,brk,66,0.001036,0.000015697,0
server_poll,2000,madvise,63,0.001017,0.000016143,0
server_poll,2000,mmap,8,0.000320,0.000040000,0
server_poll,2000,mprotect,4,0.000187,0.000046750,0
server_poll,2000,fstat,3,0.000173,0.000057667,0
server_poll,2000,munmap,3,0.000144,0.000048000,0
server_poll,2000,close,3,0.000105,0.000035000,0
server_poll,2000,openat,2,0.000095,0.000047500,0
server_poll,2000,prlimit64,1,0.000067,0.000067000,0
server_poll,2000,socket,1,0.000056,0.000056000,0
server_poll,2000,read,1,0.000036,0.000036000,0
server_poll,2000,bind,1,0.000032,0.000032000,0
server_poll,2000,listen,1,0.000028,0.000028000,0
server_poll,2000,rt_sigaction,1,0.000026,0.000026000,0
server_poll,2000,getrandom,1,0.000024,0.000024000,0
server_poll,2000,set_tid_address,1,0.000021,0.000021000,0
server_poll,2000,set_robust_list,1,0.000021,0.000021000,0
server_poll,2000,rseq,1,0.000020,0.000020000,0
server_poll,2000,faccessat,1,0.000000,0.000000000,1
server_poll,2000,execve,1,0.000000,0.000000000,0
server_poll,2500,sendto,26220,0.889510,0.000033925,0
server_poll,2500,recvfrom,26221,0.668997,0.000025514,0
server_poll,2500,fcntl,5006,0.040783,0.000008147,0
server_poll,2500,accept,2504,0.028130,0.000011234,2
server_poll,2500,setsockopt,2503,0.020950,0.000008370,0
server_poll,2500,ppoll,14,0.014658,0.001047000,0
server_poll,2500,write,34,0.001866,0.000054882,0
server_poll,2500,brk,81,0.001332,0.000016444,0
server_poll,2500,madvise,78,0.000942,0.000012077,0
server_poll,2500,execve,1,0.000586,0.000586000,0
server_poll,2500,mprotect,4,0.000428,0.000107000,0
server_poll,2500,mmap,8,0.000268,0.000033500,0
server_poll,2500,munmap,3,0.000147,0.000049000,0
server_poll,2500,close,3,0.000067,0.000022333,0
server_poll,2500,openat,2,0.000064,0.000032000,0
server_poll,2500,fstat,3,0.000061,0.000020333,0
server_poll,2500,bind,1,0.000037,0.000037000,0
server_poll,2500,getrandom,1,0.000032,0.000032000,0
server_poll,2500,set_tid_address,1,0.000027,0.000027000,0
server_poll,2500,set_robust_list,1,0.000026,0.000026000,0
server_poll,2500,prlimit64,1,0.000025,0.000025000,0
server_poll,2500,listen,1,0.000023,0.000023000,0
server_poll,2500,rseq,1,0.000022,0.000022000,0
server_poll,2500,faccessat,1,0.000005,0.000005000,1
server_poll,2500,read,1,0.000004,0.000004000,0
server_poll,2500,rt_sigaction,1,0.000000,0.000000000,0
server_poll,2500,socket,1,0.000000,0.000000000,0
server_poll,3500,sendto,26771,0.864961,0.000032310,0
server_poll,3500,recvfrom,26773,0.660963,0.000024688,0
server_poll,3500,fcntl,7036,0.030404,0.000004321,0
server_poll,3500,accept,3519,0.023663,0.000006724,2
server_poll,3500,ppoll,11,0.015890,0.001444545,0
server_poll,3500,setsockopt,3518,0.015471,0.000004398,0
server_poll,3500,write,48,0.002080,0.000043333,0
server_poll,3500,brk,113,0.000821,0.000007265,0
server_poll,3500,madvise,110,0.000612,0.000005564,0
server_poll,3500,execve,1,0.000571,0.000571000,0
server_poll,3500,close,3,0.000386,0.000128667,0
server_poll,3500,mmap,8,0.000293,0.000036625,0
server_poll,3500,openat,2,0.000104,0.000052000,0
server_poll,3500,munmap,3,0.000095,0.000031667,0
server_poll,3500,fstat,3,0.000085,0.000028333,0
server_poll,3500,mprotect,4,0.000046,0.000011500,0
server_poll,3500,read,1,0.000036,0.000036000,0
server_poll,3500,set_tid_address,1,0.000035,0.000035000,0
server_poll,3500,faccessat,1,0.000032,0.000032000,1
server_poll,3500,set_robust_list,1,0.000028,0.000028000,0
server_poll,3500,rseq,1,0.000022,0.000022000,0
server_poll,3500,socket,1,0.000016,0.000016000,0
server_poll,3500,bind,1,0.000009,0.000009000,0
server_poll,3500,listen,1,0.000005,0.000005000,0
server_poll,3500,rt_sigaction,1,0.000000,0.000000000,0
server_poll,3500,prlimit64,1,0.000000,0.000000000,0
server_poll,3500,getrandom,1,0.000000,0.000000000,0
server_poll,4000,sendto,30645,0.918883,0.000029985,0
server_poll,4000,recvfrom,30646,0.679852,0.000022184,0
server_poll,4000,accept,4027,0.024171,0.000006002,6
server_poll,4000,fcntl,8044,0.023642,0.000002939,0
server_poll,4000,ppoll,14,0.018339,0.001309929,0
server_poll,4000,setsockopt,4022,0.012526,0.000003114,0
server_poll,4000,write,55,0.001812,0.000032945,0
server_poll,4000,brk,129,0.000594,0.000004605,0
server_poll,4000,madvise,126,0.000546,0.000004333,0
server_poll,4000,execve,1,0.000539,0.000539000,0
server_poll,4000,mmap,8,0.000314,0.000039250,0
server_poll,4000,mprotect,4,0.000214,0.000053500,0
server_poll,4000,munmap,3,0.000175,0.000058333,0
server_poll,4000,read,1,0.000085,0.000085000,0
server_poll,4000,set_robust_list,1,0.000054,0.000054000,0
server_poll,4000,socket,1,0.000054,0.000054000,0
server_poll,4000,openat,2,0.000051,0.000025500,0
server_poll,4000,close,3,0.000044,0.000014667,0
server_poll,4000,bind,1,0.000035,0.000035000,0
server_poll,4000,listen,1,0.000035,0.000035000,0
server_poll,4000,getrandom,1,0.000032,0.000032000,0
server_poll,4000,fstat,3,0.000031,0.000010333,0
server_poll,4000,prlimit64,1,0.000030,0.000030000,0
server_poll,4000,rseq,1,0.000029,0.000029000,0
server_poll,4000,rt_sigaction,1,0.000024,0.000024000,0
server_poll,4000,set_tid_address,1,0.000005,0.000005000,0
server_poll,4000,faccessat,1,0.000003,0.000003000,1
server_poll,4500,sendto,26950,0.874024,0.000032431,0
server_poll,4500,recvfrom,26952,0.651791,0.000024183,0
server_poll,4500,fcntl,9004,0.025345,0.000002815,0
server_poll,4500,accept,4507,0.024596,0.000005457,6
server_poll,4500,ppoll,13,0.015499,0.001192231,0
server_poll,4500,setsockopt,4502,0.015480,0.000003438,0
server_poll,4500,write,62,0.002184,0.000035226,0
server_poll,4500,madvise,140,0.001785,0.000012750,0
server_poll,4500,brk,143,0.000782,0.000005469,0
server_poll,4500,faccessat,1,0.000000,0.000000000,1
server_poll,4500,openat,2,0.000000,0.000000000,0
server_poll,4500,close,3,0.000000,0.000000000,0
server_poll,4500,read,1,0.000000,0.000000000,0
server_poll,4500,fstat,3,0.000000,0.000000000,0
server_poll,4500,set_tid_address,1,0.000000,0.000000000,0
server_poll,4500,set_robust_list,1,0.000000,0.000000000,0
server_poll,4500,rt_sigaction,1,0.000000,0.000000000,0
server_poll,4500,socket,1,0.000000,0.000000000,0
server_poll,4500,bind,1,0.000000,0.000000000,0
server_poll,4500,listen,1,0.000000,0.000000000,0
server_poll,4500,munmap,2,0.000000,0.000000000,0
server_poll,4500,execve,1,0.000000,0.000000000,0
server_poll,4500,mmap,8,0.000000,0.000000000,0
server_poll,4500,mprotect,4,0.000000,0.000000000,0
server_poll,4500,prlimit64,1,0.000000,0.000000000,0
server_poll,4500,getrandom,1,0.000000,0.000000000,0
server_poll,4500,rseq,1,0.000000,0.000000000,0
server_poll,5000,sendto,35202,0.931948,0.000026474,0
server_poll,5000,recvfrom,35203,0.707675,0.000020103,0
server_poll,5000,fcntl,10052,0.028600,0.000002845,0
server_poll,5000,accept,5028,0.026257,0.000005222,3
server_poll,5000,ppoll,11,0.023292,0.002117455,0
server_poll,5000,setsockopt,5026,0.012528,0.000002493,0
server_poll,5000,write,69,0.001964,0.000028464,0
server_poll,5000,brk,160,0.000808,0.000005050,0
server_poll,5000,madvise,157,0.000666,0.000004242,0
server_poll,5000,faccessat,1,0.000000,0.000000000,1
server_poll,5000,openat,2,0.000000,0.000000000,0
server_poll,5000,close,3,0.000000,0.000000000,0
server_poll,5000,read,1,0.000000,0.000000000,0
server_poll,5000,fstat,3,0.000000,0.000000000,0
server_poll,5000,set_tid_address,1,0.000000,0.000000000,0
server_poll,5000,set_robust_list,1,0.000000,0.000000000,0
server_poll,5000,rt_sigaction,1,0.000000,0.000000000,0
server_poll,5000,socket,1,0.000000,0.000000000,0
server_poll,5000,bind,1,0.000000,0.000000000,0
server_poll,5000,listen,1,0.000000,0.000000000,0
server_poll,5000,munmap,3,0.000000,0.000000000,0
server_poll,5000,execve,1,0.000000,0.000000000,0
server_poll,5000,mmap,8,0.000000,0.000000000,0
server_poll,5000,mprotect,4,0.000000,0.000000000,0
server_poll,5000,prlimit64,1,0.000000,0.000000000,0
server_poll,5000,getrandom,1,0.000000,0.000000000,0
server_poll,5000,rseq,1,0.000000,0.000000000,0
server_poll,6000,sendto,71712,1.181893,0.000016481,0
server_poll,6000,recvfrom,71713,0.953341,0.000013294,0
server_poll,6000,ppoll,16,0.051089,0.003193063,0
server_poll,6000,accept,6665,0.033750,0.000005064,5
server_poll,6000,fcntl,13322,0.031902,0.000002395,0
server_poll,6000,setsockopt,6661,0.017058,0.000002561,0
server_poll,6000,write,92,0.003033,0.000032967,0
server_poll,6000,brk,211,0.002246,0.000010645,0
server_poll,6000,madvise,209,0.000997,0.000004770,0
server_poll,6000,close,3,0.000459,0.000153000,0
server_poll,6000,execve,1,0.000442,0.000442000,0
server_poll,6000,mmap,8,0.000187,0.000023375,0
server_poll,6000,fstat,3,0.000045,0.000015000,0
server_poll,6000,mprotect,4,0.000030,0.000007500,0
server_poll,6000,openat,2,0.000028,0.000014000,0
server_poll,6000,bind,1,0.000023,0.000023000,0
server_poll,6000,socket,1,0.000021,0.000021000,0
server_poll,6000,munmap,3,0.000017,0.000005667,0
server_poll,6000,listen,1,0.000014,0.000014000,0
server_poll,6000,read,1,0.000013,0.000013000,0
server_poll,6000,faccessat,1,0.000012,0.000012000,1
server_poll,6000,rt_sigaction,1,0.000003,0.000003000,0
server_poll,6000,getrandom,1,0.000003,0.000003000,0
server_poll,6000,set_tid_address,1,0.000002,0.000002000,0
server_poll,6000,set_robust_list,1,0.000002,0.000002000,0
server_poll,6000,prlimit64,1,0.000002,0.000002000,0
server_poll,6000,rseq,1,0.000002,0.000002000,0
server_poll,7500,sendto,51369,1.095521,0.000021327,0
server_poll,7500,recvfrom,51371,0.863873,0.000016816,0
server_poll,7500,accept,7553,0.043571,0.000005769,13
server_poll,7500,fcntl,15082,0.041599,0.000002758,0
server_poll,7500,ppoll,19,0.031061,0.001634789,0
server_poll,7500,setsockopt,7541,0.022585,0.000002995,0
server_poll,7500,write,104,0.004142,0.000039827,0
server_poll,7500,brk,239,0.001789,0.000007485,0
server_poll,7500,madvise,236,0.001358,0.000005754,0
server_poll,7500,mmap,8,0.000348,0.000043500,0
server_poll,7500,mprotect,4,0.000151,0.000037750,0
server_poll,7500,munmap,3,0.000112,0.000037333,0
server_poll,7500,close,3,0.000053,0.000017667,0
server_poll,7500,fstat,3,0.000047,0.000015667,0
server_poll,7500,socket,1,0.000044,0.000044000,0
server_poll,7500,set_tid_address,1,0.000041,0.000041000,0
server_poll,7500,bind,1,0.000039,0.000039000,0
server_poll,7500,rt_sigaction,1,0.000030,0.000030000,0
server_poll,7500,set_robust_list,1,0.000029,0.000029000,0
server_poll,7500,listen,1,0.000024,0.000024000,0
server_poll,7500,prlimit64,1,0.000022,0.000022000,0
server_poll,7500,rseq,1,0.000022,0.000022000,0
server_poll,7500,getrandom,1,0.000019,0.000019000,0
server_poll,7500,faccessat,1,0.000000,0.000000000,1
server_poll,7500,openat,2,0.000000,0.000000000,0
server_poll,7500,read,1,0.000000,0.000000000,0
server_poll,7500,execve,1,0.000000,0.000000000,0
server_poll,9000,sendto,63929,1.278417,0.000019997,0
server_poll,9000,recvfrom,63930,0.983890,0.000015390,0
server_poll,9000,fcntl,18004,0.077201,0.000004288,0
server_poll,9000,accept,9011,0.065640,0.000007284,10
server_poll,9000,ppoll,13,0.044315,0.003408846,0
server_poll,9000,setsockopt,9002,0.036700,0.000004077,0
server_poll,9000,write,124,0.008302,0.000066952,0
server_poll,9000,brk,284,0.002082,0.000007331,0
server_poll,9000,madvise,281,0.001805,0.000006423,0
server_poll,9000,close,3,0.000446,0.000148667,0
server_poll,9000,mmap,8,0.000335,0.000041875,0
server_poll,9000,mprotect,4,0.000188,0.000047000,0
server_poll,9000,execve,1,0.000176,0.000176000,0
server_poll,9000,read,1,0.000118,0.000118000,0
server_poll,9000,fstat,3,0.000097,0.000032333,0
server_poll,9000,munmap,3,0.000089,0.000029667,0
server_poll,9000,openat,2,0.000076,0.000038000,0
server_poll,9000,faccessat,1,0.000041,0.000041000,1
server_poll,9000,prlimit64,1,0.000036,0.000036000,0
server_poll,9000,set_tid_address,1,0.000030,0.000030000,0
server_poll,9000,listen,1,0.000030,0.000030000,0
server_poll,9000,set_robust_list,1,0.000026,0.000026000,0
server_poll,9000,socket,1,0.000026,0.000026000,0
server_poll,9000,rseq,1,0.000024,0.000024000,0
server_poll,9000,bind,1,0.000020,0.000020000,0
server_poll,9000,rt_sigaction,1,0.000003,0.000003000,0
server_poll,9000,getrandom,1,0.000003,0.000003000,0
server_poll,10000,sendto,39925,0.985826,0.000024692,0
server_poll,10000,recvfrom,39855,0.774372,0.000019430,0
server_poll,10000,fcntl,20004,0.112867,0.000005642,0
server_poll,10000,accept,10007,0.093160,0.000009309,6
server_poll,10000,setsockopt,10002,0.062209,0.000006220,0
server_poll,10000,ppoll,10,0.026487,0.002648700,0
server_poll,10000,write,138,0.006885,0.000049891,0
server_poll,10000,brk,316,0.002649,0.000008383,0
server_poll,10000,madvise,313,0.002628,0.000008396,0
server_poll,10000,mmap,8,0.000132,0.000016500,0
server_poll,10000,mprotect,4,0.000098,0.000024500,0
server_poll,10000,close,3,0.000058,0.000019333,0
server_poll,10000,socket,1,0.000054,0.000054000,0
server_poll,10000,bind,1,0.000051,0.000051000,0
server_poll,10000,munmap,3,0.000048,0.000016000,0
server_poll,10000,faccessat,1,0.000034,0.000034000,1
server_poll,10000,getrandom,1,0.000029,0.000029000,0
server_poll,10000,rt_sigaction,1,0.000027,0.000027000,0
server_poll,10000,openat,2,0.000025,0.000012500,0
server_poll,10000,fstat,3,0.000025,0.000008333,0
server_poll,10000,set_tid_address,1,0.000020,0.000020000,0
server_poll,10000,listen,1,0.000020,0.000020000,0
server_poll,10000,prlimit64,1,0.000017,0.000017000,0
server_poll,10000,read,1,0.000003,0.000003000,0
server_poll,10000,rseq,1,0.000002,0.000002000,0
server_poll,10000,set_robust_list,1,0.000001,0.000001000,0
server_poll,10000,execve,1,0.000000,0.000000000,0
server_epoll,10,sendto,10000,0.307897,0.000030790,0
server_epoll,10,recvfrom,10005,0.197878,0.000019778,0
server_epoll,10,epoll_pwait,2186,0.060091,0.000027489,1
server_epoll,10,close,13,0.000796,0.000061231,0
server_epoll,10,execve,1,0.000625,0.000625000,0
server_epoll,10,mmap,8,0.000359,0.000044875,0
server_epoll,10,fcntl,24,0.000157,0.000006542,0
server_epoll,10,mprotect,4,0.000145,0.000036250,0
server_epoll,10,accept,13,0.000134,0.000010308,2
server_epoll,10,epoll_ctl,12,0.000129,0.000010750,0
server_epoll,10,setsockopt,12,0.000095,0.000007917,0
server_epoll,10,munmap,3,0.000089,0.000029667,0
server_epoll,10,brk,3,0.000076,0.000025333,0
server_epoll,10,openat,2,0.000074,0.000037000,0
server_epoll,10,read,1,0.000067,0.000067000,0
server_epoll,10,fstat,3,0.000066,0.000022000,0
server_epoll,10,faccessat,1,0.000033,0.000033000,1
server_epoll,10,socket,1,0.000028,0.000028000,0
server_epoll,10,rseq,1,0.000023,0.000023000,0
server_epoll,10,set_tid_address,1,0.000022,0.000022000,0
server_epoll,10,bind,1,0.000022,0.000022000,0
server_epoll,10,set_robust_list,1,0.000020,0.000020000,0
server_epoll,10,epoll_create1,1,0.000011,0.000011000,0
server_epoll,10,listen,1,0.000008,0.000008000,0
server_epoll,10,prlimit64,1,0.000004,0.000004000,0
server_epoll,10,rt_sigaction,1,0.000003,0.000003000,0
server_epoll,10,getrandom,1,0.000003,0.000003000,0
server_epoll,100,sendto,26559,0.941182,0.000035437,0
server_epoll,100,recvfrom,26560,0.579118,0.000021804,0
server_epoll,100,epoll_pwait,268,0.008405,0.000031362,0
server_epoll,100,execve,1,0.000631,0.000631000,0
server_epoll,100,fcntl,204,0.000625,0.000003064,0
server_epoll,100,accept,102,0.000598,0.000005863,1
server_epoll,100,epoll_ctl,102,0.000593,0.000005814,0
server_epoll,100,setsockopt,102,0.000355,0.000003480,0
server_epoll,100,mmap,8,0.000302,0.000037750,0
server_epoll,100,mprotect,4,0.000114,0.000028500,0
server_epoll,100,fstat,3,0.000097,0.000032333,0
server_epoll,100,openat,2,0.000073,0.000036500,0
server_epoll,100,munmap,3,0.000068,0.000022667,0
server_epoll,100,close,3,0.000062,0.000020667,0
server_epoll,100,brk,6,0.000057,0.000009500,0
server_epoll,100,faccessat,1,0.000054,0.000054000,1
server_epoll,100,write,1,0.000054,0.000054000,0
server_epoll,100,listen,1,0.000030,0.000030000,0
server_epoll,100,read,1,0.000029,0.000029000,0
server_epoll,100,socket,1,0.000021,0.000021000,0
server_epoll,100,rseq,1,0.000020,0.000020000,0
server_epoll,100,prlimit64,1,0.000014,0.000014000,0
server_epoll,100,bind,1,0.000012,0.000012000,0
server_epoll,100,madvise,3,0.000012,0.000004000,0
server_epoll,100,epoll_create1,1,0.000010,0.000010000,0
server_epoll,100,rt_sigaction,1,0.000004,0.000004000,0
server_epoll,100,getrandom,1,0.000003,0.000003000,0
server_epoll,100,set_tid_address,1,0.000002,0.000002000,0
server_epoll,100,set_robust_list,1,0.000002,0.000002000,0
server_epoll,1000,sendto,25724,0.879748,0.000034200,0
server_epoll,1000,recvfrom,25725,0.656517,0.000025521,0
server_epoll,1000,fcntl,2004,0.024456,0.000012204,0
server_epoll,1000,accept,1011,0.015506,0.000015337,10
server_epoll,1000,epoll_ctl,1002,0.013561,0.000013534,0
server_epoll,1000,setsockopt,1002,0.012606,0.000012581,0
server_epoll,1000,epoll_pwait,271,0.011032,0.000040708,0
server_epoll,1000,write,10,0.000574,0.000057400,0
server_epoll,1000,brk,34,0.000453,0.000013324,0
server_epoll,1000,madvise,31,0.000413,0.000013323,0
server_epoll,1000,mprotect,4,0.000257,0.000064250,0
server_epoll,1000,mmap,8,0.000205,0.000025625,0
server_epoll,1000,munmap,2,0.000148,0.000074000,0
server_epoll,1000,prlimit64,1,0.000056,0.000056000,0
server_epoll,1000,set_robust_list,1,0.000035,0.000035000,0
server_epoll,1000,rseq,1,0.000035,0.000035000,0
server_epoll,1000,set_tid_address,1,0.000033,0.000033000,0
server_epoll,1000,close,3,0.000030,0.000010000,0
server_epoll,1000,socket,1,0.000025,0.000025000,0
server_epoll,1000,epoll_create1,1,0.000022,0.000022000,0
server_epoll,1000,bind,1,0.000020,0.000020000,0
server_epoll,1000,listen,1,0.000017,0.000017000,0
server_epoll,1000,getrandom,1,0.000017,0.000017000,0
server_epoll,1000,rt_sigaction,1,0.000013,0.000013000,0
server_epoll,1000,fstat,3,0.000011,0.000003667,0
server_epoll,1000,faccessat,1,0.000000,0.000000000,1
server_epoll,1000,openat,2,0.000000,0.000000000,0
server_epoll,1000,read,1,0.000000,0.000000000,0
server_epoll,1000,execve,1,0.000000,0.000000000,0
server_epoll,1500,sendto,26157,0.902274,0.000034495,0
server_epoll,1500,recvfrom,26158,0.664680,0.000025410,0
server_epoll,1500,fcntl,3004,0.028878,0.000009613,0
server_epoll,1500,accept,1503,0.019854,0.000013210,2
server_epoll,1500,epoll_ctl,1502,0.015386,0.000010244,0
server_epoll,1500,setsockopt,1502,0.012847,0.000008553,0
server_epoll,1500,epoll_pwait,265,0.011947,0.000045083,0
server_epoll,1500,write,15,0.001153,0.000076867,0
server_epoll,1500,brk,49,0.000555,0.000011327,0
server_epoll,1500,madvise,46,0.000420,0.000009130,0
server_epoll,1500,mprotect,4,0.000171,0.000042750,0
server_epoll,1500,getrandom,1,0.000131,0.000131000,0
server_epoll,1500,mmap,8,0.000072,0.000009000,0
server_epoll,1500,close,3,0.000067,0.000022333,0
server_epoll,1500,munmap,3,0.000049,0.000016333,0
server_epoll,1500,fstat,3,0.000044,0.000014667,0
server_epoll,1500,socket,1,0.000037,0.000037000,0
server_epoll,1500,rseq,1,0.000036,0.000036000,0
server_epoll,1500,bind,1,0.000033,0.000033000,0
server_epoll,1500,listen,1,0.000033,0.000033000,0
server_epoll,1500,set_tid_address,1,0.000027,0.000027000,0
server_epoll,1500,rt_sigaction,1,0.000025,0.000025000,0
server_epoll,1500,set_robust_list,1,0.000024,0.000024000,0
server_epoll,1500,prlimit64,1,0.000021,0.000021000,0
server_epoll,1500,epoll_create1,1,0.000016,0.000016000,0
server_epoll,1500,faccessat,1,0.000000,0.000000000,1
server_epoll,1500,openat,2,0.000000,0.000000000,0
server_epoll,1500,read,1,0.000000,0.000000000,0
server_epoll,1500,execve,1,0.000000,0.000000000,0
server_epoll,2000,sendto,25236,0.860189,0.000034086,0
server_epoll,2000,recvfrom,25237,0.651221,0.000025804,0
server_epoll,2000,fcntl,4004,0.046671,0.000011656,0
server_epoll,2000,accept,2003,0.029917,0.000014936,2
server_epoll,2000,epoll_ctl,2002,0.026558,0.000013266,0
server_epoll,2000,setsockopt,2002,0.026220,0.000013097,0
server_epoll,2000,epoll_pwait,256,0.012306,0.000048070,0
server_epoll,2000,brk,66,0.001117,0.000016924,0
server_epoll,2000,madvise,63,0.001117,0.000017730,0
server_epoll,2000,write,20,0.001112,0.000055600,0
server_epoll,2000,close,3,0.000338,0.000112667,0
server_epoll,2000,mprotect,4,0.000074,0.000018500,0
server_epoll,2000,prlimit64,1,0.000046,0.000046000,0
server_epoll,2000,munmap,3,0.000044,0.000014667,0
server_epoll,2000,getrandom,1,0.000042,0.000042000,0
server_epoll,2000,socket,1,0.000024,0.000024000,0
server_epoll,2000,rt_sigaction,1,0.000022,0.000022000,0
server_epoll,2000,bind,1,0.000012,0.000012000,0
server_epoll,2000,epoll_create1,1,0.000007,0.000007000,0
server_epoll,2000,listen,1,0.000007,0.000007000,0
server_epoll,2000,fstat,3,0.000005,0.000001667,0
server_epoll,2000,faccessat,1,0.000000,0.000000000,1
server_epoll,2000,openat,2,0.000000,0.000000000,0
server_epoll,2000,read,1,0.000000,0.000000000,0
server_epoll,2000,set_tid_address,1,0.000000,0.000000000,0
server_epoll,2000,set_robust_list,1,0.000000,0.000000000,0
server_epoll,2000,execve,1,0.000000,0.000000000,0
server_epoll,2000,mmap,8,0.000000,0.000000000,0
server_epoll,2000,rseq,1,0.000000,0.000000000,0
server_epoll,2500,sendto,25860,0.880401,0.000034045,0
server_epoll,2500,recvfrom,25861,0.647131,0.000025023,0
server_epoll,2500,fcntl,5028,0.038676,0.000007692,0
server_epoll,2500,accept,2515,0.028311,0.000011257,2
server_epoll,2500,epoll_ctl,2514,0.024437,0.000009720,0
server_epoll,2500,setsockopt,2514,0.020396,0.000008113,0
server_epoll,2500,epoll_pwait,262,0.012321,0.000047027,0
server_epoll,2500,write,26,0.001888,0.000072615,0
server_epoll,2500,brk,81,0.001118,0.000013802,0
server_epoll,2500,madvise,78,0.001000,0.000012821,0
server_epoll,2500,close,3,0.000433,0.000144333,0
server_epoll,2500,mmap,8,0.000401,0.000050125,0
server_epoll,2500,mprotect,4,0.000170,0.000042500,0
server_epoll,2500,munmap,3,0.000127,0.000042333,0
server_epoll,2500,openat,2,0.000103,0.000051500,0
server_epoll,2500,fstat,3,0.000062,0.000020667,0
server_epoll,2500,set_robust_list,1,0.000057,0.000057000,0
server_epoll,2500,prlimit64,1,0.000035,0.000035000,0
server_epoll,2500,socket,1,0.000033,0.000033000,0
server_epoll,2500,read,1,0.000032,0.000032000,0
server_epoll,2500,set_tid_address,1,0.000029,0.000029000,0
server_epoll,2500,faccessat,1,0.000025,0.000025000,1
server_epoll,2500,rt_sigaction,1,0.000024,0.000024000,0
server_epoll,2500,getrandom,1,0.000024,0.000024000,0
server_epoll,2500,rseq,1,0.000015,0.000015000,0
server_epoll,2500,bind,1,0.000011,0.000011000,0
server_epoll,2500,epoll_create1,1,0.000008,0.000008000,0
server_epoll,2500,listen,1,0.000006,0.000006000,0
server_epoll,2500,execve,1,0.000000,0.000000000,0
server_epoll,3500,sendto,26445,0.871541,0.000032957,0
server_epoll,3500,recvfrom,26447,0.651912,0.000024650,0
server_epoll,3500,fcntl,7008,0.024858,0.000003547,0
server_epoll,3500,accept,3505,0.021812,0.000006223,2
server_epoll,3500,epoll_ctl,3504,0.017498,0.000004994,0
server_epoll,3500,epoll_pwait,267,0.012485,0.000046760,0
server_epoll,3500,setsockopt,3504,0.012435,0.000003549,0
server_epoll,3500,write,36,0.001951,0.000054194,0
server_epoll,3500,brk,112,0.000795,0.000007098,0
server_epoll,3500,madvise,109,0.000712,0.000006532,0
server_epoll,3500,mmap,8,0.000269,0.000033625,0
server_epoll,3500,fstat,3,0.000161,0.000053667,0
server_epoll,3500,munmap,3,0.000118,0.000039333,0
server_epoll,3500,close,3,0.000076,0.000025333,0
server_epoll,3500,socket,1,0.000066,0.000066000,0
server_epoll,3500,read,1,0.000053,0.000053000,0
server_epoll,3500,mprotect,4,0.000047,0.000011750,0
server_epoll,3500,openat,2,0.000034,0.000017000,0
server_epoll,3500,prlimit64,1,0.000029,0.000029000,0
server_epoll,3500,set_tid_address,1,0.000016,0.000016000,0
server_epoll,3500,rt_sigaction,1,0.000016,0.000016000,0
server_epoll,3500,getrandom,1,0.000016,0.000016000,0
server_epoll,3500,bind,1,0.000013,0.000013000,0
server_epoll,3500,listen,1,0.000007,0.000007000,0
server_epoll,3500,epoll_create1,1,0.000006,0.000006000,0
server_epoll,3500,set_robust_list,1,0.000003,0.000003000,0
server_epoll,3500,rseq,1,0.000002,0.000002000,0
server_epoll,3500,faccessat,1,0.000000,0.000000000,1
server_epoll,3500,execve,1,0.000000,0.000000000,0
server_epoll,4000,sendto,26341,0.870842,0.000033060,0
server_epoll,4000,recvfrom,26343,0.633408,0.000024045,0
server_epoll,4000,fcntl,8006,0.026108,0.000003261,0
server_epoll,4000,accept,4004,0.025496,0.000006368,2
server_epoll,4000,epoll_ctl,4003,0.017348,0.000004334,0
server_epoll,4000,setsockopt,4003,0.014257,0.000003562,0
server_epoll,4000,epoll_pwait,267,0.012579,0.000047112,0
server_epoll,4000,write,41,0.002713,0.000066171,0
server_epoll,4000,brk,128,0.000994,0.000007766,0
server_epoll,4000,madvise,126,0.000730,0.000005794,0
server_epoll,4000,epoll_create1,1,0.000066,0.000066000,0
server_epoll,4000,close,3,0.000031,0.000010333,0
server_epoll,4000,fstat,3,0.000004,0.000001333,0
server_epoll,4000,faccessat,1,0.000000,0.000000000,1
server_epoll,4000,openat,2,0.000000,0.000000000,0
server_epoll,4000,read,1,0.000000,0.000000000,0
server_epoll,4000,set_tid_address,1,0.000000,0.000000000,0
server_epoll,4000,set_robust_list,1,0.000000,0.000000000,0
server_epoll,4000,rt_sigaction,1,0.000000,0.000000000,0
server_epoll,4000,socket,1,0.000000,0.000000000,0
server_epoll,4000,bind,1,0.000000,0.000000000,0
server_epoll,4000,listen,1,0.000000,0.000000000,0
server_epoll,4000,munmap,3,0.000000,0.000000000,0
server_epoll,4000,execve,1,0.000000,0.000000000,0
server_epoll,4000,mmap,8,0.000000,0.000000000,0
server_epoll,4000,mprotect,4,0.000000,0.000000000,0
server_epoll,4000,prlimit64,1,0.000000,0.000000000,0
server_epoll,4000,getrandom,1,0.000000,0.000000000,0
server_epoll,4000,rseq,1,0.000000,0.000000000,0
server_epoll,4500,sendto,31660,0.916495,0.000028948,0
server_epoll,4500,recvfrom,31661,0.655304,0.000020698,0
server_epoll,4500,accept,4544,0.023054,0.000005074,2
server_epoll,4500,fcntl,9086,0.021569,0.000002374,0
server_epoll,4500,epoll_ctl,4543,0.016011,0.000003524,0
server_epoll,4500,epoll_pwait,320,0.013981,0.000043691,0
server_epoll,4500,setsockopt,4543,0.011700,0.000002575,0
server_epoll,4500,write,47,0.001717,0.000036532,0
server_epoll,4500,brk,145,0.000827,0.000005703,0
server_epoll,4500,close,3,0.000685,0.000228333,0
server_epoll,4500,madvise,142,0.000617,0.000004345,0
server_epoll,4500,mmap,8,0.000278,0.000034750,0
server_epoll,4500,mprotect,4,0.000251,0.000062750,0
server_epoll,4500,munmap,3,0.000108,0.000036000,0
server_epoll,4500,socket,1,0.000076,0.000076000,0
server_epoll,4500,fstat,3,0.000059,0.000019667,0
server_epoll,4500,getrandom,1,0.000049,0.000049000,0
server_epoll,4500,set_tid_address,1,0.000046,0.000046000,0
server_epoll,4500,read,1,0.000042,0.000042000,0
server_epoll,4500,listen,1,0.000030,0.000030000,0
server_epoll,4500,bind,1,0.000029,0.000029000,0
server_epoll,4500,prlimit64,1,0.000029,0.000029000,0
server_epoll,4500,rseq,1,0.000028,0.000028000,0
server_epoll,4500,epoll_create1,1,0.000026,0.000026000,0
server_epoll,4500,rt_sigaction,1,0.000024,0.000024000,0
server_epoll,4500,set_robust_list,1,0.000018,0.000018000,0
server_epoll,4500,faccessat,1,0.000000,0.000000000,1
server_epoll,4500,openat,2,0.000000,0.000000000,0
server_epoll,4500,execve,1,0.000000,0.000000000,0
server_epoll,5000,sendto,38183,0.980084,0.000025668,0
server_epoll,5000,recvfrom,38184,0.711393,0.000018631,0
server_epoll,5000,accept,5031,0.025200,0.000005009,2
server_epoll,5000,fcntl,10060,0.022426,0.000002229,0
server_epoll,5000,epoll_ctl,5030,0.017273,0.000003434,0
server_epoll,5000,epoll_pwait,385,0.015776,0.000040977,0
server_epoll,5000,setsockopt,5030,0.012988,0.000002582,0
server_epoll,5000,write,52,0.001998,0.000038423,0
server_epoll,5000,execve,1,0.000831,0.000831000,0
server_epoll,5000,brk,160,0.000803,0.000005019,0
server_epoll,5000,madvise,157,0.000639,0.000004070,0
server_epoll,5000,mmap,8,0.000338,0.000042250,0
server_epoll,5000,mprotect,4,0.000169,0.000042250,0
server_epoll,5000,close,3,0.000093,0.000031000,0
server_epoll,5000,openat,2,0.000091,0.000045500,0
server_epoll,5000,munmap,2,0.000068,0.000034000,0
server_epoll,5000,fstat,3,0.000067,0.000022333,0
server_epoll,5000,rseq,1,0.000055,0.000055000,0
server_epoll,5000,set_robust_list,1,0.000036,0.000036000,0
server_epoll,5000,faccessat,1,0.000035,0.000035000,1
server_epoll,5000,socket,1,0.000035,0.000035000,0
server_epoll,5000,read,1,0.000028,0.000028000,0
server_epoll,5000,getrandom,1,0.000023,0.000023000,0
server_epoll,5000,set_tid_address,1,0.000022,0.000022000,0
server_epoll,5000,prlimit64,1,0.000021,0.000021000,0
server_epoll,5000,bind,1,0.000012,0.000012000,0
server_epoll,5000,epoll_create1,1,0.000007,0.000007000,0
server_epoll,5000,listen,1,0.000007,0.000007000,0
server_epoll,5000,rt_sigaction,1,0.000003,0.000003000,0
server_epoll,6000,sendto,64790,1.155946,0.000017841,0
server_epoll,6000,recvfrom,64792,0.871888,0.000013457,0
server_epoll,6000,accept,7058,0.036396,0.000005157,6
server_epoll,6000,fcntl,14106,0.030880,0.000002189,0
server_epoll,6000,epoll_pwait,653,0.025756,0.000039443,0
server_epoll,6000,epoll_ctl,7053,0.022425,0.000003179,0
server_epoll,6000,setsockopt,7053,0.016988,0.000002409,0
server_epoll,6000,write,73,0.002673,0.000036616,0
server_epoll,6000,madvise,220,0.001053,0.000004786,0
server_epoll,6000,brk,223,0.001038,0.000004655,0
server_epoll,6000,close,3,0.000340,0.000113333,0
server_epoll,6000,mmap,8,0.000165,0.000020625,0
server_epoll,6000,munmap,3,0.000161,0.000053667,0
server_epoll,6000,mprotect,4,0.000129,0.000032250,0
server_epoll,6000,bind,1,0.000106,0.000106000,0
server_epoll,6000,socket,1,0.000030,0.000030000,0
server_epoll,6000,set_tid_address,1,0.000026,0.000026000,0
server_epoll,6000,set_robust_list,1,0.000024,0.000024000,0
server_epoll,6000,rseq,1,0.000024,0.000024000,0
server_epoll,6000,listen,1,0.000016,0.000016000,0
server_epoll,6000,fstat,3,0.000015,0.000005000,0
server_epoll,6000,epoll_create1,1,0.000011,0.000011000,0
server_epoll,6000,rt_sigaction,1,0.000004,0.000004000,0
server_epoll,6000,prlimit64,1,0.000004,0.000004000,0
server_epoll,6000,getrandom,1,0.000003,0.000003000,0
server_epoll,6000,faccessat,1,0.000000,0.000000000,1
server_epoll,6000,openat,2,0.000000,0.000000000,0
server_epoll,6000,read,1,0.000000,0.000000000,0
server_epoll,6000,execve,1,0.000000,0.000000000,0
server_epoll,7500,sendto,53448,1.128886,0.000021121,0
server_epoll,7500,recvfrom,53450,0.851622,0.000015933,0
server_epoll,7500,accept,7537,0.038951,0.000005168,5
server_epoll,7500,fcntl,15066,0.033585,0.000002229,0
server_epoll,7500,epoll_ctl,7533,0.028613,0.000003798,0
server_epoll,7500,epoll_pwait,539,0.022463,0.000041675,0
server_epoll,7500,setsockopt,7533,0.018529,0.000002460,0
server_epoll,7500,write,78,0.003829,0.000049090,0
server_epoll,7500,brk,238,0.001105,0.000004643,0
server_epoll,7500,madvise,235,0.000934,0.000003974,0
server_epoll,7500,execve,1,0.000475,0.000475000,0
server_epoll,7500,mmap,8,0.000420,0.000052500,0
server_epoll,7500,mprotect,4,0.000213,0.000053250,0
server_epoll,7500,close,3,0.000204,0.000068000,0
server_epoll,7500,fstat,3,0.000129,0.000043000,0
server_epoll,7500,munmap,3,0.000114,0.000038000,0
server_epoll,7500,openat,2,0.000090,0.000045000,0
server_epoll,7500,getrandom,1,0.000056,0.000056000,0
server_epoll,7500,socket,1,0.000046,0.000046000,0
server_epoll,7500,faccessat,1,0.000038,0.000038000,1
server_epoll,7500,read,1,0.000036,0.000036000,0
server_epoll,7500,set_robust_list,1,0.000028,0.000028000,0
server_epoll,7500,prlimit64,1,0.000024,0.000024000,0
server_epoll,7500,set_tid_address,1,0.000023,0.000023000,0
server_epoll,7500,rseq,1,0.000015,0.000015000,0
server_epoll,7500,bind,1,0.000014,0.000014000,0
server_epoll,7500,epoll_create1,1,0.000007,0.000007000,0
server_epoll,7500,listen,1,0.000007,0.000007000,0
server_epoll,7500,rt_sigaction,1,0.000004,0.000004000,0
server_epoll,9000,sendto,47358,1.142774,0.000024131,0
server_epoll,9000,recvfrom,47354,0.838355,0.000017704,0
server_epoll,9000,fcntl,18004,0.154035,0.000008556,0
server_epoll,9000,accept,9012,0.131112,0.000014549,11
server_epoll,9000,epoll_ctl,9002,0.096353,0.000010704,0
server_epoll,9000,setsockopt,9002,0.082579,0.000009173,0
server_epoll,9000,epoll_pwait,490,0.026549,0.000054182,0
server_epoll,9000,close,858,0.017538,0.000020441,0
server_epoll,9000,write,94,0.014115,0.000150160,0
server_epoll,9000,madvise,282,0.004995,0.000017713,0
server_epoll,9000,brk,285,0.003825,0.000013421,0
server_epoll,9000,execve,1,0.000354,0.000354000,0
server_epoll,9000,mmap,8,0.000253,0.000031625,0
server_epoll,9000,fstat,3,0.000182,0.000060667,0
server_epoll,9000,mprotect,4,0.000093,0.000023250,0
server_epoll,9000,openat,2,0.000085,0.000042500,0
server_epoll,9000,munmap,3,0.000064,0.000021333,0
server_epoll,9000,epoll_create1,1,0.000029,0.000029000,0
server_epoll,9000,prlimit64,1,0.000026,0.000026000,0
server_epoll,9000,read,1,0.000024,0.000024000,0
server_epoll,9000,rseq,1,0.000023,0.000023000,0
server_epoll,9000,faccessat,1,0.000019,0.000019000,1
server_epoll,9000,socket,1,0.000016,0.000016000,0
server_epoll,9000,getrandom,1,0.000016,0.000016000,0
server_epoll,9000,set_robust_list,1,0.000015,0.000015000,0
server_epoll,9000,set_tid_address,1,0.000014,0.000014000,0
server_epoll,9000,bind,1,0.000014,0.000014000,0
server_epoll,9000,rt_sigaction,1,0.000005,0.000005000,0
server_epoll,9000,listen,1,0.000004,0.000004000,0
server_epoll,10000,sendto,44691,1.112629,0.000024896,0
server_epoll,10000,recvfrom,44693,0.807457,0.000018067,0
server_epoll,10000,fcntl,20004,0.202357,0.000010116,0
server_epoll,10000,accept,10011,0.158614,0.000015844,10
server_epoll,10000,epoll_ctl,10002,0.121934,0.000012191,0
server_epoll,10000,setsockopt,10002,0.101542,0.000010152,0
server_epoll,10000,epoll_pwait,451,0.026077,0.000057820,0
server_epoll,10000,write,104,0.010281,0.000098856,0
server_epoll,10000,brk,316,0.008039,0.000025440,0
server_epoll,10000,madvise,313,0.004529,0.000014470,0
server_epoll,10000,epoll_create1,1,0.000000,0.000000000,0
server_epoll,10000,faccessat,1,0.000000,0.000000000,1
server_epoll,10000,openat,2,0.000000,0.000000000,0
server_epoll,10000,close,3,0.000000,0.000000000,0
server_epoll,10000,read,1,0.000000,0.000000000,0
server_epoll,10000,fstat,3,0.000000,0.000000000,0
server_epoll,10000,set_tid_address,1,0.000000,0.000000000,0
server_epoll,10000,set_robust_list,1,0.000000,0.000000000,0
server_epoll,10000,rt_sigaction,1,0.000000,0.000000000,0
server_epoll,10000,socket,1,0.000000,0.000000000,0
server_epoll,10000,bind,1,0.000000,0.000000000,0
server_epoll,10000,listen,1,0.000000,0.000000000,0
server_epoll,10000,munmap,3,0.000000,0.000000000,0
server_epoll,10000,execve,1,0.000000,0.000000000,0
server_epoll,10000,mmap,8,0.000000,0.000000000,0
server_epoll,10000,mprotect,4,0.000000,0.000000000,0
server_epoll,10000,prlimit64,1,0.000000,0.000000000,0
server_epoll,10000,getrandom,1,0.000000,0.000000000,0
server_epoll,10000,rseq,1,0.000000,0.000000000,0
server_iouring,10,io_uring_enter,6919,0.246318,0.000035600,1
server_iouring,10,bind,1,0.000989,0.000989000,0
server_iouring,10,execve,1,0.000539,0.000539000,0
server_iouring,10,mmap,11,0.000520,0.000047273,0
server_iouring,10,io_uring_setup,1,0.000276,0.000276000,0
server_iouring,10,mprotect,4,0.000204,0.000051000,0
server_iouring,10,setsockopt,12,0.000199,0.000016583,0
server_iouring,10,read,1,0.000179,0.000179000,0
server_iouring,10,listen,1,0.000123,0.000123000,0
server_iouring,10,munmap,3,0.000089,0.000029667,0
server_iouring,10,socket,1,0.000054,0.000054000,0
server_iouring,10,brk,3,0.000047,0.000015667,0
server_iouring,10,close,2,0.000034,0.000017000,0
server_iouring,10,fstat,3,0.000028,0.000009333,0
server_iouring,10,rt_sigaction,1,0.000027,0.000027000,0
server_iouring,10,prlimit64,1,0.000021,0.000021000,0
server_iouring,10,rseq,1,0.000021,0.000021000,0
server_iouring,10,set_tid_address,1,0.000018,0.000018000,0
server_iouring,10,getrandom,1,0.000018,0.000018000,0
server_iouring,10,set_robust_list,1,0.000017,0.000017000,0
server_iouring,10,openat,2,0.000013,0.000006500,0
server_iouring,10,faccessat,1,0.000006,0.000006000,1
server_iouring,10,fcntl,2,0.000004,0.000002000,0
server_iouring,100,io_uring_enter,33658,2.070863,0.000061527,1
server_iouring,100,setsockopt,102,0.002336,0.000022902,0
server_iouring,100,execve,1,0.000615,0.000615000,0
server_iouring,100,mmap,11,0.000599,0.000054455,0
server_iouring,100,brk,9,0.000513,0.000057000,0
server_iouring,100,io_uring_setup,1,0.000239,0.000239000,0
server_iouring,100,fstat,3,0.000130,0.000043333,0
server_iouring,100,mprotect,4,0.000104,0.000026000,0
server_iouring,100,rseq,1,0.000103,0.000103000,0
server_iouring,100,write,1,0.000076,0.000076000,0
server_iouring,100,openat,2,0.000065,0.000032500,0
server_iouring,100,madvise,4,0.000060,0.000015000,0
server_iouring,100,close,2,0.000047,0.000023500,0
server_iouring,100,fcntl,2,0.000046,0.000023000,0
server_iouring,100,bind,1,0.000036,0.000036000,0
server_iouring,100,faccessat,1,0.000027,0.000027000,1
server_iouring,100,socket,1,0.000027,0.000027000,0
server_iouring,100,read,1,0.000025,0.000025000,0
server_iouring,100,set_robust_list,1,0.000025,0.000025000,0
server_iouring,100,listen,1,0.000024,0.000024000,0
server_iouring,100,munmap,3,0.000020,0.000006667,0
server_iouring,100,set_tid_address,1,0.000017,0.000017000,0
server_iouring,100,prlimit64,1,0.000009,0.000009000,0
server_iouring,100,rt_sigaction,1,0.000005,0.000005000,0
server_iouring,100,getrandom,1,0.000003,0.000003000,0
server_iouring,1000,io_uring_enter,28566,4.872327,0.000170564,1
server_iouring,1000,setsockopt,1002,0.018240,0.000018204,0
server_iouring,1000,brk,37,0.001110,0.000030000,0
server_iouring,1000,write,17,0.001007,0.000059235,0
server_iouring,1000,madvise,33,0.000772,0.000023394,0
server_iouring,1000,mmap,11,0.000240,0.000021818,0
server_iouring,1000,fstat,3,0.000052,0.000017333,0
server_iouring,1000,fcntl,2,0.000000,0.000000000,0
server_iouring,1000,faccessat,1,0.000000,0.000000000,1
server_iouring,1000,openat,2,0.000000,0.000000000,0
server_iouring,1000,close,2,0.000000,0.000000000,0
server_iouring,1000,read,1,0.000000,0.000000000,0
server_iouring,1000,set_tid_address,1,0.000000,0.000000000,0
server_iouring,1000,set_robust_list,1,0.000000,0.000000000,0
server_iouring,1000,rt_sigaction,1,0.000000,0.000000000,0
server_iouring,1000,socket,1,0.000000,0.000000000,0
server_iouring,1000,bind,1,0.000000,0.000000000,0
server_iouring,1000,listen,1,0.000000,0.000000000,0
server_iouring,1000,munmap,3,0.000000,0.000000000,0
server_iouring,1000,execve,1,0.000000,0.000000000,0
server_iouring,1000,mprotect,4,0.000000,0.000000000,0
server_iouring,1000,prlimit64,1,0.000000,0.000000000,0
server_iouring,1000,getrandom,1,0.000000,0.000000000,0
server_iouring,1000,rseq,1,0.000000,0.000000000,0
server_iouring,1000,io_uring_setup,1,0.000000,0.000000000,0
server_iouring,1500,io_uring_enter,18096,5.996208,0.000331355,1
server_iouring,1500,setsockopt,1502,0.027450,0.000018276,0
server_iouring,1500,brk,54,0.001530,0.000028333,0
server_iouring,1500,write,25,0.001491,0.000059640,0
server_iouring,1500,madvise,50,0.001265,0.000025300,0
server_iouring,1500,execve,1,0.000702,0.000702000,0
server_iouring,1500,io_uring_setup,1,0.000390,0.000390000,0
server_iouring,1500,mmap,11,0.000327,0.000029727,0
server_iouring,1500,mprotect,4,0.000246,0.000061500,0
server_iouring,1500,socket,1,0.000030,0.000030000,0
server_iouring,1500,openat,2,0.000028,0.000014000,0
server_iouring,1500,read,1,0.000023,0.000023000,0
server_iouring,1500,munmap,3,0.000018,0.000006000,0
server_iouring,1500,bind,1,0.000015,0.000015000,0
server_iouring,1500,fstat,3,0.000007,0.000002333,0
server_iouring,1500,listen,1,0.000007,0.000007000,0
server_iouring,1500,fcntl,2,0.000006,0.000003000,0
server_iouring,1500,prlimit64,1,0.000004,0.000004000,0
server_iouring,1500,getrandom,1,0.000004,0.000004000,0
server_iouring,1500,rt_sigaction,1,0.000003,0.000003000,0
server_iouring,1500,close,2,0.000002,0.000001000,0
server_iouring,1500,set_tid_address,1,0.000002,0.000002000,0
server_iouring,1500,set_robust_list,1,0.000002,0.000002000,0
server_iouring,1500,rseq,1,0.000001,0.000001000,0
server_iouring,1500,faccessat,1,0.000000,0.000000000,1
server_iouring,2000,io_uring_enter,4982,8.178272,0.001641564,1
server_iouring,2000,setsockopt,2007,0.037932,0.000018900,0
server_iouring,2000,brk,70,0.002170,0.000031000,0
server_iouring,2000,write,25,0.001691,0.000067640,0
server_iouring,2000,madvise,66,0.001610,0.000024394,0
server_iouring,2000,io_uring_setup,1,0.000215,0.000215000,0
server_iouring,2000,mmap,11,0.000208,0.000018909,0
server_iouring,2000,fstat,3,0.000052,0.000017333,0
server_iouring,2000,mprotect,4,0.000046,0.000011500,0
server_iouring,2000,munmap,3,0.000045,0.000015000,0
server_iouring,2000,getrandom,1,0.000029,0.000029000,0
server_iouring,2000,prlimit64,1,0.000028,0.000028000,0
server_iouring,2000,socket,1,0.000027,0.000027000,0
server_iouring,2000,rt_sigaction,1,0.000019,0.000019000,0
server_iouring,2000,bind,1,0.000019,0.000019000,0
server_iouring,2000,listen,1,0.000006,0.000006000,0
server_iouring,2000,fcntl,2,0.000003,0.000001500,0
server_iouring,2000,faccessat,1,0.000000,0.000000000,1
server_iouring,2000,openat,2,0.000000,0.000000000,0
server_iouring,2000,close,2,0.000000,0.000000000,0
server_iouring,2000,read,1,0.000000,0.000000000,0
server_iouring,2000,set_tid_address,1,0.000000,0.000000000,0
server_iouring,2000,set_robust_list,1,0.000000,0.000000000,0
server_iouring,2000,execve,1,0.000000,0.000000000,0
server_iouring,2000,rseq,1,0.000000,0.000000000,0
server_iouring,2500,io_uring_enter,4840,8.044894,0.001662168,0
server_iouring,2500,setsockopt,2419,0.049145,0.000020316,0
server_iouring,2500,brk,83,0.002259,0.000027217,0
server_iouring,2500,write,30,0.002093,0.000069767,0
server_iouring,2500,madvise,79,0.002077,0.000026291,0
server_iouring,2500,execve,1,0.000552,0.000552000,0
server_iouring,2500,mmap,11,0.000437,0.000039727,0
server_iouring,2500,io_uring_setup,1,0.000237,0.000237000,0
server_iouring,2500,mprotect,4,0.000172,0.000043000,0
server_iouring,2500,openat,2,0.000131,0.000065500,0
server_iouring,2500,munmap,3,0.000115,0.000038333,0
server_iouring,2500,fstat,3,0.000085,0.000028333,0
server_iouring,2500,close,2,0.000062,0.000031000,0
server_iouring,2500,bind,1,0.000052,0.000052000,0
server_iouring,2500,socket,1,0.000035,0.000035000,0
server_iouring,2500,rt_sigaction,1,0.000034,0.000034000,0
server_iouring,2500,getrandom,1,0.000032,0.000032000,0
server_iouring,2500,read,1,0.000031,0.000031000,0
server_iouring,2500,faccessat,1,0.000029,0.000029000,1
server_iouring,2500,rseq,1,0.000025,0.000025000,0
server_iouring,2500,set_robust_list,1,0.000022,0.000022000,0
server_iouring,2500,prlimit64,1,0.000022,0.000022000,0
server_iouring,2500,set_tid_address,1,0.000021,0.000021000,0
server_iouring,2500,listen,1,0.000007,0.000007000,0
server_iouring,2500,fcntl,2,0.000006,0.000003000,0
server_iouring,3500,io_uring_enter,5239,8.663313,0.001653620,0
server_iouring,3500,setsockopt,2618,0.026783,0.000010230,0
server_iouring,3500,brk,92,0.001750,0.000019022,0
server_iouring,3500,write,33,0.001671,0.000050636,0
server_iouring,3500,madvise,87,0.001173,0.000013483,0
server_iouring,3500,mmap,11,0.000461,0.000041909,0
server_iouring,3500,execve,1,0.000395,0.000395000,0
server_iouring,3500,io_uring_setup,1,0.000157,0.000157000,0
server_iouring,3500,mprotect,4,0.000116,0.000029000,0
server_iouring,3500,munmap,3,0.000065,0.000021667,0
server_iouring,3500,fcntl,2,0.000063,0.000031500,0
server_iouring,3500,read,1,0.000054,0.000054000,0
server_iouring,3500,close,2,0.000050,0.000025000,0
server_iouring,3500,fstat,3,0.000044,0.000014667,0
server_iouring,3500,openat,2,0.000041,0.000020500,0
server_iouring,3500,rseq,1,0.000034,0.000034000,0
server_iouring,3500,set_tid_address,1,0.000030,0.000030000,0
server_iouring,3500,faccessat,1,0.000028,0.000028000,1
server_iouring,3500,set_robust_list,1,0.000023,0.000023000,0
server_iouring,3500,rt_sigaction,1,0.000000,0.000000000,0
server_iouring,3500,socket,1,0.000000,0.000000000,0
server_iouring,3500,bind,1,0.000000,0.000000000,0
server_iouring,3500,listen,1,0.000000,0.000000000,0
server_iouring,3500,prlimit64,1,0.000000,0.000000000,0
server_iouring,3500,getrandom,1,0.000000,0.000000000,0
server_iouring,4000,io_uring_enter,5056,8.460291,0.001673317,0
server_iouring,4000,setsockopt,2527,0.029447,0.000011653,0
server_iouring,4000,write,30,0.002056,0.000068533,0
server_iouring,4000,brk,86,0.001864,0.000021674,0
server_iouring,4000,madvise,83,0.001253,0.000015096,0
server_iouring,4000,fcntl,2,0.000000,0.000000000,0
server_iouring,4000,faccessat,1,0.000000,0.000000000,1
server_iouring,4000,openat,2,0.000000,0.000000000,0
server_iouring,4000,close,2,0.000000,0.000000000,0
server_iouring,4000,read,1,0.000000,0.000000000,0
server_iouring,4000,fstat,3,0.000000,0.000000000,0
server_iouring,4000,set_tid_address,1,0.000000,0.000000000,0
server_iouring,4000,set_robust_list,1,0.000000,0.000000000,0
server_iouring,4000,rt_sigaction,1,0.000000,0.000000000,0
server_iouring,4000,socket,1,0.000000,0.000000000,0
server_iouring,4000,bind,1,0.000000,0.000000000,0
server_iouring,4000,listen,1,0.000000,0.000000000,0
server_iouring,4000,munmap,3,0.000000,0.000000000,0
server_iouring,4000,execve,1,0.000000,0.000000000,0
server_iouring,4000,mmap,11,0.000000,0.000000000,0
server_iouring,4000,mprotect,4,0.000000,0.000000000,0
server_iouring,4000,prlimit64,1,0.000000,0.000000000,0
server_iouring,4000,getrandom,1,0.000000,0.000000000,0
server_iouring,4000,rseq,1,0.000000,0.000000000,0
server_iouring,4000,io_uring_setup,1,0.000000,0.000000000,0
server_iouring,4500,io_uring_enter,4988,8.676412,0.001739457,0
server_iouring,4500,setsockopt,2493,0.023350,0.000009366,0
server_iouring,4500,write,32,0.001837,0.000057406,0
server_iouring,4500,brk,86,0.001235,0.000014360,0
server_iouring,4500,madvise,82,0.001082,0.000013195,0
server_iouring,4500,execve,1,0.000312,0.000312000,0
server_iouring,4500,mmap,11,0.000237,0.000021545,0
server_iouring,4500,mprotect,4,0.000118,0.000029500,0
server_iouring,4500,munmap,3,0.000087,0.000029000,0
server_iouring,4500,openat,2,0.000083,0.000041500,0
server_iouring,4500,close,2,0.000040,0.000020000,0
server_iouring,4500,fstat,3,0.000027,0.000009000,0
server_iouring,4500,read,1,0.000026,0.000026000,0
server_iouring,4500,rseq,1,0.000021,0.000021000,0
server_iouring,4500,faccessat,1,0.000019,0.000019000,1
server_iouring,4500,prlimit64,1,0.000018,0.000018000,0
server_iouring,4500,getrandom,1,0.000017,0.000017000,0
server_iouring,4500,set_tid_address,1,0.000015,0.000015000,0
server_iouring,4500,set_robust_list,1,0.000015,0.000015000,0
server_iouring,4500,fcntl,2,0.000000,0.000000000,0
server_iouring,4500,rt_sigaction,1,0.000000,0.000000000,0
server_iouring,4500,socket,1,0.000000,0.000000000,0
server_iouring,4500,bind,1,0.000000,0.000000000,0
server_iouring,4500,listen,1,0.000000,0.000000000,0
server_iouring,4500,io_uring_setup,1,0.000000,0.000000000,0
server_iouring,5000,io_uring_enter,5434,8.883238,0.001634751,0
server_iouring,5000,setsockopt,2716,0.025829,0.000009510,0
server_iouring,5000,write,35,0.001748,0.000049943,0
server_iouring,5000,brk,91,0.001329,0.000014604,0
server_iouring,5000,madvise,88,0.001233,0.000014011,0
server_iouring,5000,execve,1,0.000625,0.000625000,0
server_iouring,5000,mmap,11,0.000503,0.000045727,0
server_iouring,5000,io_uring_setup,1,0.000231,0.000231000,0
server_iouring,5000,fstat,3,0.000172,0.000057333,0
server_iouring,5000,mprotect,4,0.000130,0.000032500,0
server_iouring,5000,munmap,3,0.000118,0.000039333,0
server_iouring,5000,close,2,0.000072,0.000036000,0
server_iouring,5000,read,1,0.000067,0.000067000,0
server_iouring,5000,openat,2,0.000065,0.000032500,0
server_iouring,5000,fcntl,2,0.000053,0.000026500,0
server_iouring,5000,listen,1,0.000045,0.000045000,0
server_iouring,5000,socket,1,0.000043,0.000043000,0
server_iouring,5000,set_tid_address,1,0.000034,0.000034000,0
server_iouring,5000,bind,1,0.000029,0.000029000,0
server_iouring,5000,getrandom,1,0.000027,0.000027000,0
server_iouring,5000,prlimit64,1,0.000026,0.000026000,0
server_iouring,5000,rseq,1,0.000026,0.000026000,0
server_iouring,5000,set_robust_list,1,0.000023,0.000023000,0
server_iouring,5000,rt_sigaction,1,0.000021,0.000021000,0
server_iouring,5000,faccessat,1,0.000004,0.000004000,1
server_iouring,6000,io_uring_enter,5423,8.310321,0.001532421,0
server_iouring,6000,setsockopt,2710,0.029633,0.000010935,0
server_iouring,6000,write,32,0.001928,0.000060250,0
server_iouring,6000,brk,91,0.001555,0.000017088,0
server_iouring,6000,madvise,87,0.001303,0.000014977,0
server_iouring,6000,mmap,11,0.000421,0.000038273,0
server_iouring,6000,mprotect,4,0.000291,0.000072750,0
server_iouring,6000,io_uring_setup,1,0.000239,0.000239000,0
server_iouring,6000,rseq,1,0.000135,0.000135000,0
server_iouring,6000,socket,1,0.000111,0.000111000,0
server_iouring,6000,fcntl,2,0.000043,0.000021500,0
server_iouring,6000,listen,1,0.000041,0.000041000,0
server_iouring,6000,bind,1,0.000037,0.000037000,0
server_iouring,6000,munmap,3,0.000035,0.000011667,0
server_iouring,6000,set_tid_address,1,0.000033,0.000033000,0
server_iouring,6000,fstat,3,0.000029,0.000009667,0
server_iouring,6000,prlimit64,1,0.000029,0.000029000,0
server_iouring,6000,set_robust_list,1,0.000028,0.000028000,0
server_iouring,6000,close,2,0.000027,0.000013500,0
server_iouring,6000,rt_sigaction,1,0.000024,0.000024000,0
server_iouring,6000,getrandom,1,0.000024,0.000024000,0
server_iouring,6000,faccessat,1,0.000000,0.000000000,1
server_iouring,6000,openat,2,0.000000,0.000000000,0
server_iouring,6000,read,1,0.000000,0.000000000,0
server_iouring,6000,execve,1,0.000000,0.000000000,0
server_iouring,7500,io_uring_enter,5988,9.662779,0.001613691,0
server_iouring,7500,setsockopt,2993,0.030603,0.000010225,0
server_iouring,7500,write,38,0.002399,0.000063132,0
server_iouring,7500,brk,100,0.001965,0.000019650,0
server_iouring,7500,madvise,96,0.001563,0.000016281,0
server_iouring,7500,mmap,11,0.000381,0.000034636,0
server_iouring,7500,io_uring_setup,1,0.000201,0.000201000,0
server_iouring,7500,bind,1,0.000124,0.000124000,0
server_iouring,7500,mprotect,4,0.000113,0.000028250,0
server_iouring,7500,rseq,1,0.000056,0.000056000,0
server_iouring,7500,socket,1,0.000051,0.000051000,0
server_iouring,7500,listen,1,0.000043,0.000043000,0
server_iouring,7500,munmap,3,0.000037,0.000012333,0
server_iouring,7500,getrandom,1,0.000033,0.000033000,0
server_iouring,7500,prlimit64,1,0.000032,0.000032000,0
server_iouring,7500,rt_sigaction,1,0.000030,0.000030000,0
server_iouring,7500,fstat,3,0.000028,0.000009333,0
server_iouring,7500,fcntl,2,0.000027,0.000013500,0
server_iouring,7500,set_tid_address,1,0.000026,0.000026000,0
server_iouring,7500,set_robust_list,1,0.000023,0.000023000,0
server_iouring,7500,close,2,0.000022,0.000011000,0
server_iouring,7500,faccessat,1,0.000000,0.000000000,1
server_iouring,7500,openat,2,0.000000,0.000000000,0
server_iouring,7500,read,1,0.000000,0.000000000,0
server_iouring,7500,execve,1,0.000000,0.000000000,0
server_iouring,9000,io_uring_enter,5955,10.359232,0.001739586,0
server_iouring,9000,setsockopt,2977,0.035259,0.000011844,0
server_iouring,9000,write,33,0.002184,0.000066182,0
server_iouring,9000,brk,101,0.001786,0.000017683,0
server_iouring,9000,madvise,96,0.001598,0.000016646,0
server_iouring,9000,mmap,11,0.000266,0.000024182,0
server_iouring,9000,io_uring_setup,1,0.000205,0.000205000,0
server_iouring,9000,bind,1,0.000079,0.000079000,0
server_iouring,9000,mprotect,4,0.000079,0.000019750,0
server_iouring,9000,socket,1,0.000053,0.000053000,0
server_iouring,9000,fcntl,2,0.000046,0.000023000,0
server_iouring,9000,fstat,3,0.000024,0.000008000,0
server_iouring,9000,listen,1,0.000024,0.000024000,0
server_iouring,9000,munmap,3,0.000024,0.000008000,0
server_iouring,9000,set_tid_address,1,0.000020,0.000020000,0
server_iouring,9000,close,2,0.000019,0.000009500,0
server_iouring,9000,set_robust_list,1,0.000019,0.000019000,0
server_iouring,9000,rseq,1,0.000017,0.000017000,0
server_iouring,9000,rt_sigaction,1,0.000015,0.000015000,0
server_iouring,9000,prlimit64,1,0.000015,0.000015000,0
server_iouring,9000,getrandom,1,0.000014,0.000014000,0
server_iouring,9000,faccessat,1,0.000000,0.000000000,1
server_iouring,9000,openat,2,0.000000,0.000000000,0
server_iouring,9000,read,1,0.000000,0.000000000,0
server_iouring,9000,execve,1,0.000000,0.000000000,0
server_iouring,10000,io_uring_enter,6751,10.475279,0.001551663,0
server_iouring,10000,setsockopt,3375,0.037801,0.000011200,0
server_iouring,10000,brk,115,0.002384,0.000020730,0
server_iouring,10000,write,41,0.002305,0.000056220,0
server_iouring,10000,madvise,111,0.001687,0.000015198,0
server_iouring,10000,io_uring_setup,1,0.000439,0.000439000,0
server_iouring,10000,mmap,11,0.000242,0.000022000,0
server_iouring,10000,bind,1,0.000151,0.000151000,0
server_iouring,10000,socket,1,0.000094,0.000094000,0
server_iouring,10000,fcntl,2,0.000055,0.000027500,0
server_iouring,10000,mprotect,4,0.000053,0.000013250,0
server_iouring,10000,munmap,3,0.000052,0.000017333,0
server_iouring,10000,listen,1,0.000048,0.000048000,0
server_iouring,10000,getrandom,1,0.000035,0.000035000,0
server_iouring,10000,rt_sigaction,1,0.000034,0.000034000,0
server_iouring,10000,prlimit64,1,0.000033,0.000033000,0
server_iouring,10000,fstat,3,0.000006,0.000002000,0
server_iouring,10000,faccessat,1,0.000000,0.000000000,1
server_iouring,10000,openat,2,0.000000,0.000000000,0
server_iouring,10000,close,2,0.000000,0.000000000,0
server_iouring,10000,read,1,0.000000,0.000000000,0
server_iouring,10000,set_tid_address,1,0.000000,0.000000000,0
server_iouring,10000,set_robust_list,1,0.000000,0.000000000,0
server_iouring,10000,execve,1,0.000000,0.000000000,0
server_iouring,10000,rseq,1,0.000000,0.000000000,0
